RFQ ID,Date Created,Requirement Name,Product/Service,Quantity,Unit,Category,Customer Name,Customer Email,Customer Phone,Required Delivery Date,Status,Vendors Contacted,Vendors Responded,Best Vendor,Best Price (USD),Best Delivery Days,Payment Terms,Notes
RFQ-NVS-0001,2026-09-09,NVS 3- BWTS UV REACTOR,UV Lamp 3kW 58203480,1,Piece,Ship Systems,Arctic Operations,operations@arcticshiprepair.com,+90 551 383 5527,2026-09-15,Open,"Eurosan, NetAsea, UV Teknik",0,Pending,,,Waiting for images
RFQ-KGR-0002,2026-09-08,KGR 52- OVERALL,Various Spare Parts Bundle,1,Bundle,Ship Systems,Arctic Operations,operations@arcticshiprepair.com,+90 551 383 5527,2026-09-20,Closed,"Dilsen, Arma Ship Supply, MythMar",3,"Arma Ship Supply",2450,5,"Net 30 Days","Order placed with Arma"
RFQ-NVS-0003,2026-09-07,NVS FUEL FILTER,Fuel Filter UO-42363,2,Piece,Engine Parts,Arctic Operations,operations@arcticshiprepair.com,+90 551 383 5527,2026-09-12,Waiting,"YAF Diesel, Netasea",1,Pending,,,"Awaiting price from YAF Diesel"
RFQ-ARD-0004,2026-09-06,ARD- REQ 0014- CUMMINS,Fuel Pump Spare Parts,1,Lot,Engine Parts,Arctic Operations,operations@arcticshiprepair.com,+90 551 383 5527,2026-09-18,Closed,"Aytuglu Diesel, Besqo Marine, April Gao",3,"Aytuglu Diesel",850,3,"Cash on Delivery","Confirmed with supplier"
RFQ-MLN-0005,2026-09-05,MLN 39- N2 CALIBRATION,Nitrogen Gas 10L Cylinder,2,Cylinder,Supplies,Arctic Operations,operations@arcticshiprepair.com,+90 551 383 5527,2026-09-10,Closed,"Oğul Gaz, Özel Gaz Satış",2,"Özel Gaz Satış",105,1,"Prepaid","Delivered on time"
RFQ-POS-0006,2026-09-04,POS 51- CONSUMABLE,Consumable Supplies Pack,1,Box,Supplies,Arctic Operations,operations@arcticshiprepair.com,+90 551 383 5527,2026-09-15,Open,"Arma Ship Supply, Cantas Marine",1,"Arma Ship Supply",1200,2,"Net 30 Days","Awaiting final confirmation"
RFQ-REQ-0007,2026-09-03,REQ 87-26- VP / FIRST AID KIT,First Aid Kit,1,Kit,Safety,Arctic Operations,operations@arcticshiprepair.com,+90 551 383 5527,2026-09-12,Closed,"Cantas Marine",1,"Cantas Marine",350,1,"Invoice Payment","Order confirmed"
RFQ-JOTUN-0008,2026-09-02,JOTUN- TOUCH UP,Paint Touch-up 5L,2,Gallon,Consumables,Arctic Operations,operations@arcticshiprepair.com,+90 551 383 5527,2026-09-11,Closed,"Paint Supplier TBD",1,Pending,450,3,"Net 15 Days","Paint ready for pickup"
RFQ-ARD-0009,2026-09-01,ARD - REQ 0009- AVR CARD,Alternator Voltage Regulator,2,Piece,Electrical,Arctic Operations,operations@arcticshiprepair.com,+90 551 383 5527,2026-09-16,Closed,"ElSatek, FT Elektrik, Sacar Makina",3,"ElSatek",480,1,"Net 30 Days","Best price 480 USD, stock available"
RFQ-DRN-0010,2026-08-31,DRN 30- SOLENOID VALVE,Solenoid Valve Assembly,1,Piece,Hydraulics,Arctic Operations,operations@arcticshiprepair.com,+90 551 383 5527,2026-09-14,Open,"Ceytron, Valve Supplier",1,Pending,,,No stock - backorder
RFQ-MLN-0011,2026-08-30,MLN 40- SAWDUST,Dust Collection Bag,50,Piece,Supplies,Arctic Operations,operations@arcticshiprepair.com,+90 551 383 5527,2026-09-08,Closed,"Dilsen",1,"Dilsen",125,2,"Net 30 Days","Regular supplier"
RFQ-NVS-0012,2026-08-29,NVS 3- VALCOM,Valve Assembly,1,Piece,Ship Systems,Arctic Operations,operations@arcticshiprepair.com,+90 551 383 5527,2026-09-13,Closed,"Mono Marine",1,"Mono Marine",650,3,"Net 30 Days","Technical drawing provided"
RFQ-ARD-0013,2026-08-28,ARD REQ 0012- FLEXIBLE HOSE,Flexible Hose 1'' R9,80,Meter,Hydraulics,Arctic Operations,operations@arcticshiprepair.com,+90 551 383 5527,2026-09-12,Open,"Hortumsan Hidrolik, Altan Hidrolik",1,Pending,,,Specifications to be confirmed
RFQ-KAZAN-0014,2026-08-27,KAZAN & KELEBEK VALVE,"Boiler Valve DN100 + Butterfly Valve DN32",3,Set,Ship Systems,Arctic Operations,operations@arcticshiprepair.com,+90 551 383 5527,2026-09-15,Closed,"ATA Valve, Kelebek Valve",2,"ATA Valve",330,1,"Net 30 Days","High temp viton seat"
RFQ-MSC-0015,2026-08-26,MSC - 3 WAY VALVE,Three-Way Valve Assembly,1,Piece,Ship Systems,Arctic Operations,operations@arcticshiprepair.com,+90 551 383 5527,2026-09-14,Waiting,"ATA Valve, Valve Specialists",1,Pending,206,2,"Net 30 Days","Operating description provided"
RFQ-WIRE-0016,2026-08-25,WIRE ROPE NET,Synthetic Rope Net 20-30mm,4,Piece,Safety,Arctic Operations,operations@arcticshiprepair.com,+90 551 383 5527,2026-09-10,Closed,"Marine Ropes Co",1,"Marine Ropes Co",20,1,"Cash","Stock available"
RFQ-AMOT-0017,2026-08-24,AMOT- THERMOSTATIC VALVE,Thermostatic Control Valve,1,Piece,Mechanical,Arctic Operations,operations@arcticshiprepair.com,+90 551 383 5527,2026-09-18,Waiting,"GANI Ship Spares, AMOT Supplier",1,Pending,,,Vessel/IMO info needed
RFQ-KLT-0018,2026-08-23,KLT 84- ODME KSB SEIL,Seal/Bearing Assembly,1,Set,Mechanical,Arctic Operations,operations@arcticshiprepair.com,+90 551 383 5527,2026-09-12,Closed,"RF International",1,"RF International",1200,5,"Bank Transfer","Euro pricing"
RFQ-EFRMV-0019,2026-08-22,EFRMV - 58 Azcue Pump,Pump Mechanical Seal,1,Piece,Pumps,Arctic Operations,operations@arcticshiprepair.com,+90 551 383 5527,2026-09-11,Open,"Gücü Pompa, Pump Specialists",1,Pending,350,1,"Prepaid","Waiting for confirmation"
RFQ-POSE-0020,2026-08-21,POSE 51- CONSUMABLE,Consumables Bundle,1,Box,Supplies,Arctic Operations,operations@arcticshiprepair.com,+90 551 383 5527,2026-09-15,Closed,"Arma Ship Supply",1,"Arma Ship Supply",1500,3,"Net 30 Days","Regular consumable order"